Site Links,games,game,free,download,new,play,news,ago,action,time,world,read,best,one,review,adventure,reply,online,full,war,soon,password,windows,days,reviews,get,may,video,version,nintendo,like,edition,switch,xbox,software,top,gaming,hours,release,strategy,players,coming,comments,see,puzzle,library,latest,classic,racing,update,find,steam,trailer,use,cart,stars,life,search,mobile,july,system,click,become,god,need,home,auto,day,duty,please,call,policy,wishlisted,computer,next,email,site,modern,comment,privacy,crack,theft,first,series,player,card,battle,year,multiplayer,favorite,community,demo,sports,help,movie,rpg,also,available,make,grand,black,rated,android,warfare,contact,save,experience,account,age,guide,back,features,man,support,october,playstation,store,team,try,super,last,years,good,way,sign,learn,escape,city,content,date,live,view,jul,fantasy,open,space,left,want,take,feature,broken,march,topics,playing,gameplay,facebook,eye,arcade,show,post,installing,popular,link,share,graphics,microsoft,platform,vintage,every,right,story,dark,three,based,june,around,great,website,views,run,list,gta,entertainment,fun,art,september,two,simulation,well,studios,indie,january,evil,many,shooter,week,owned,set,cpy,april,continue,repack,fortnite,torrent,much,sky,test,half,look,real,die,GamingSite
http://www.nosteamgames.ro/,35,5,5,3,9,0,0,0,0,1,5,0,0,4,0,0,0,2,4,11,0,0,0,0,0,0,3,0,2,0,2,13,0,0,0,0,0,0,0,0,0,0,0,0,0,0,0,1,0,0,0,0,0,0,0,0,7,1,0,0,0,294,0,0,21,1,11,0,28,2,31,0,0,0,1,0,0,7,0,0,0,11,0,14,0,0,0,0,19,0,0,0,0,0,0,0,0,0,0,11,12,0,0,11,0,1,0,0,6,0,0,0,6,0,0,0,0,0,0,2,23,0,0,0,2,0,0,9,0,0,0,0,2,4,0,1,1,0,0,0,0,0,21,0,0,0,0,0,0,21,0,0,0,2,0,0,0,0,1,0,2,6,2,0,0,0,0,0,0,2,0,1,0,0,0,0,0,0,0,0,0,0,8,0,0,0,0,1,0,0,0,0,0,2,0,2,0,2,0,0,0,
http://oceanofgames.com/a-plague-tale-innocence-free-download/,1,12,11,9,0,0,0,0,1,1,1,0,0,0,0,2,0,0,2,0,0,0,3,0,0,0,3,1,1,0,2,0,0,0,0,1,0,1,2,0,0,0,0,0,0,0,0,0,0,0,1,0,0,0,0,0,0,0,0,0,3,1,0,0,0,0,0,0,0,0,0,0,0,0,2,0,0,0,0,0,0,0,0,0,0,0,0,0,0,0,0,0,0,0,0,0,2,2,1,0,0,0,1,0,0,0,0,0,0,1,0,0,0,0,0,0,0,0,0,0,0,0,0,1,0,0,0,0,3,0,0,0,0,0,0,0,0,0,0,0,0,0,0,1,0,0,0,0,0,0,0,0,3,0,2,0,0,0,0,0,0,0,0,0,0,0,0,0,0,0,0,0,0,0,0,0,0,0,0,0,0,0,1,0,0,0,0,0,0,0,0,0,0,0,0,0,0,0,0,0,0,
https://www.twitch.tv/,0,0,0,0,0,0,0,0,0,0,0,0,1,0,0,0,0,0,0,0,0,0,0,0,0,0,0,0,0,0,0,0,0,0,0,0,0,0,0,0,0,0,0,0,0,0,0,0,0,0,0,0,0,0,0,0,0,0,0,0,0,0,0,0,0,0,0,0,0,0,0,0,0,0,0,0,0,0,0,0,0,0,0,0,0,0,0,0,0,0,1,0,0,0,0,0,0,0,0,0,0,0,0,0,0,0,0,0,0,0,0,0,0,0,0,0,0,0,0,0,0,0,0,0,1,0,0,0,0,0,1,0,0,0,0,0,0,0,0,0,0,0,0,0,0,0,0,0,0,0,0,0,0,0,0,0,0,0,0,0,0,0,0,0,0,0,0,0,0,0,0,0,0,0,0,0,0,0,0,0,0,0,0,0,0,0,0,0,0,0,0,0,0,0,0,0,0,0,0,0,0,
https://www.kaggle.com/learn/intermediate-machine-learning,0,0,0,0,0,0,0,0,0,0,0,0,0,0,0,0,0,1,0,0,0,0,0,0,0,0,0,0,0,0,0,0,0,0,0,0,0,0,0,0,0,0,0,0,0,0,0,0,0,0,0,0,0,3,0,0,0,0,0,0,0,0,0,0,1,0,0,0,0,0,0,0,0,0,0,0,1,0,0,1,0,0,0,0,0,0,0,0,0,0,0,0,0,0,0,0,0,0,0,0,0,0,0,0,1,0,1,0,0,0,0,0,0,1,0,0,0,1,0,0,0,0,0,1,0,0,0,0,0,0,0,0,0,0,0,0,0,0,0,0,0,0,0,0,0,0,0,0,0,0,0,0,0,0,0,0,0,0,0,0,0,0,0,0,0,0,0,0,0,0,0,0,0,0,0,0,0,0,0,0,0,0,0,0,0,0,0,0,0,0,0,0,0,0,0,0,1,0,0,1,0,
https://www.justdial.com/,0,0,4,1,3,1,1,0,0,1,0,0,7,4,1,0,0,18,0,0,0,10,1,1,2,5,0,0,0,0,5,0,0,0,0,0,0,0,0,0,0,0,0,0,0,0,3,0,0,0,8,0,1,0,0,0,0,2,6,0,0,3,0,0,1,7,2,5,0,4,1,0,0,0,2,0,0,0,0,1,0,0,0,0,0,4,0,0,0,0,0,0,3,3,1,0,3,1,9,0,0,0,2,0,2,0,4,0,0,0,1,0,0,1,0,0,0,0,1,0,1,0,0,2,1,0,0,2,0,0,1,3,0,1,0,1,0,0,2,3,0,0,0,0,0,1,0,0,0,0,0,1,1,1,0,0,1,0,1,1,0,0,1,0,0,2,0,0,0,0,0,0,5,0,1,0,0,0,3,0,0,0,0,0,0,0,0,1,0,0,0,0,0,0,0,0,2,0,0,3,0,
https://www.indiatoday.in/news.html,0,0,1,1,3,0,18,0,2,0,6,1,1,5,1,0,0,0,0,0,0,0,0,0,0,0,1,5,0,0,0,0,0,0,0,1,0,1,1,0,0,0,0,5,0,0,2,0,0,0,0,0,1,1,0,0,0,0,0,0,0,0,0,0,1,1,1,5,0,0,1,2,0,0,1,0,0,0,0,1,0,0,2,0,0,6,0,1,0,0,0,0,4,0,0,0,0,0,2,0,0,0,1,0,0,0,0,0,0,0,1,0,0,1,0,0,1,0,0,0,0,0,2,1,0,0,0,1,0,1,1,0,0,0,0,0,0,1,0,0,0,0,0,1,0,1,0,0,0,1,0,1,0,0,0,0,0,0,2,1,0,0,0,0,0,0,0,0,1,0,1,0,0,0,0,0,1,0,0,0,0,0,0,0,0,0,0,0,0,0,0,0,0,0,2,1,0,0,2,0,0,
https://outlook.live.com/owa/,0,0,4,0,0,0,0,0,1,1,0,0,0,1,0,0,0,1,0,0,0,0,0,0,0,1,0,0,0,0,0,0,0,0,0,0,0,0,0,0,0,0,0,0,0,0,0,0,0,0,0,0,0,0,0,0,2,0,0,0,0,0,0,0,1,1,0,0,0,0,0,0,0,0,0,3,0,0,0,0,0,0,0,0,0,0,0,0,0,0,0,0,0,0,0,0,0,0,2,0,0,0,0,0,0,0,0,0,0,0,0,0,0,1,0,0,0,0,0,0,0,0,0,0,1,0,0,0,0,0,0,0,0,0,0,0,0,0,1,0,0,0,0,0,0,0,0,0,0,0,0,0,0,1,0,0,0,0,0,5,0,0,0,0,0,0,0,0,0,0,0,0,0,0,0,0,0,0,0,0,0,0,0,0,0,0,0,0,0,0,0,0,0,0,0,0,0,0,0,0,0,
https://9gag.com/,0,2,0,1,2,2,6,0,0,3,3,0,0,1,0,0,0,1,0,0,1,0,0,1,1,3,9,3,0,0,3,0,0,0,0,2,2,0,0,0,0,0,9,1,0,0,0,0,0,0,0,0,0,3,0,0,0,1,2,0,0,0,0,0,0,4,0,0,0,4,0,0,0,0,3,6,0,0,7,1,0,2,0,0,1,0,2,0,0,0,0,0,1,2,4,0,3,1,4,0,0,0,1,0,1,0,1,0,0,1,5,0,1,0,0,0,1,0,0,0,0,0,1,1,1,0,2,0,13,0,0,0,0,0,0,0,0,3,2,0,0,0,0,0,0,3,0,0,1,21,0,1,0,1,0,0,1,0,0,3,0,3,0,2,0,1,0,0,0,0,0,0,0,6,2,0,0,0,0,0,0,0,0,0,0,0,0,1,0,0,2,0,3,0,0,0,0,0,0,1,3,
https://www.akc.org/dog-breeds/german-shepherd-dog/,0,0,2,0,1,1,2,0,2,0,4,1,3,10,0,0,0,2,4,1,0,0,0,1,0,8,2,3,0,0,2,0,0,0,0,8,0,0,0,0,0,0,0,3,0,8,0,2,0,0,35,0,0,1,0,1,5,13,0,0,0,3,2,0,3,4,0,0,0,5,0,4,0,0,0,2,2,1,0,4,0,0,4,2,0,1,0,2,0,1,1,0,23,4,1,0,3,0,2,0,5,0,0,0,4,0,1,0,1,3,5,4,2,2,0,0,2,0,0,0,0,3,3,0,5,2,0,0,1,0,0,2,0,0,3,0,0,1,0,0,0,0,0,0,0,0,2,0,3,0,0,6,2,20,0,0,0,0,6,9,0,2,0,2,0,1,1,4,0,0,3,0,0,1,0,0,1,0,11,0,0,0,0,5,0,0,0,2,0,0,0,0,0,0,1,0,0,0,4,0,0,
https://todoist.com/?lang=en,0,0,2,1,0,0,0,0,0,0,1,1,0,2,0,0,0,0,0,0,0,0,0,0,0,5,0,1,0,0,0,0,0,0,0,0,0,0,0,0,0,0,0,2,0,0,0,0,0,0,0,0,0,1,0,0,2,0,0,0,0,0,1,0,0,0,0,0,0,0,0,0,0,0,0,0,0,0,0,1,0,0,0,0,0,0,0,0,0,0,0,0,0,1,0,0,0,0,0,0,0,0,0,0,0,0,0,0,0,1,0,0,0,0,0,0,0,1,0,0,0,0,0,1,2,1,0,0,0,0,0,0,0,0,0,0,0,0,0,0,0,0,0,0,0,0,0,0,0,0,0,0,0,0,0,0,0,0,0,0,0,0,0,0,0,1,0,0,0,0,1,0,0,0,0,0,0,0,0,0,0,0,0,0,0,0,0,0,0,0,0,0,0,0,1,0,0,0,0,0,0,
